Batch_ID,Batch_Code
1,BCH0000
2,BCH0001
3,BCH0002
4,BCH0003
5,BCH0004
6,BCH0005
7,BCH0006
8,BCH0007
9,BCH0008
10,BCH0009
11,BCH0010
12,BCH0011
13,BCH0012
14,BCH0013
15,BCH0014
16,BCH0015
17,BCH0016
18,BCH0017
19,BCH0018
20,BCH0019
21,BCH0020
22,BCH0021
23,BCH0022
24,BCH0023
25,BCH0024
26,BCH0025
27,BCH0026
28,BCH0027
29,BCH0028
30,BCH0029
31,BCH0030
32,BCH0031
33,BCH0032
34,BCH0033
35,BCH0034
36,BCH0035
37,BCH0036
38,BCH0037
39,BCH0038
40,BCH0039
41,BCH0040
42,BCH0041
43,BCH0042
44,BCH0043
45,BCH0044
46,BCH0045
47,BCH0046
48,BCH0047
49,BCH0048
50,BCH0049
51,BCH0050
52,BCH0051
53,BCH0052
54,BCH0053
55,BCH0054
56,BCH0055
57,BCH0056
58,BCH0057
59,BCH0058
60,BCH0059
61,BCH0060
62,BCH0061
63,BCH0062
64,BCH0063
65,BCH0064
66,BCH0065
67,BCH0066
68,BCH0067
69,BCH0068
70,BCH0069
71,BCH0070
72,BCH0071
73,BCH0072
74,BCH0073
75,BCH0074
76,BCH0075
77,BCH0076
78,BCH0077
79,BCH0078
80,BCH0079
81,BCH0080
82,BCH0081
83,BCH0082
84,BCH0083
85,BCH0084
86,BCH0085
87,BCH0086
88,BCH0087
89,BCH0088
90,BCH0089
91,BCH0090
92,BCH0091
93,BCH0092
94,BCH0093
95,BCH0094
96,BCH0095
97,BCH0096
98,BCH0097
99,BCH0098
100,BCH0099
101,BCH0100
102,BCH0101
103,BCH0102
104,BCH0103
105,BCH0104
106,BCH0105
107,BCH0106
108,BCH0107
109,BCH0108
110,BCH0109
111,BCH0110
112,BCH0111
113,BCH0112
114,BCH0113
115,BCH0114
116,BCH0115
117,BCH0116
118,BCH0117
119,BCH0118
120,BCH0119
121,BCH0120
122,BCH0121
123,BCH0122
124,BCH0123
125,BCH0124
126,BCH0125
127,BCH0126
128,BCH0127
129,BCH0128
130,BCH0129
131,BCH0130
132,BCH0131
133,BCH0132
134,BCH0133
135,BCH0134
136,BCH0135
137,BCH0136
138,BCH0137
139,BCH0138
140,BCH0139
141,BCH0140
142,BCH0141
143,BCH0142
144,BCH0143
145,BCH0144
146,BCH0145
147,BCH0146
148,BCH0147
149,BCH0148
150,BCH0149
151,BCH0150
152,BCH0151
153,BCH0152
154,BCH0153
155,BCH0154
156,BCH0155
157,BCH0156
158,BCH0157
159,BCH0158
160,BCH0159
161,BCH0160
162,BCH0161
163,BCH0162
164,BCH0163
165,BCH0164
166,BCH0165
167,BCH0166
168,BCH0167
169,BCH0168
170,BCH0169
171,BCH0170
172,BCH0171
173,BCH0172
174,BCH0173
175,BCH0174
176,BCH0175
177,BCH0176
178,BCH0177
179,BCH0178
180,BCH0179
181,BCH0180
182,BCH0181
183,BCH0182
184,BCH0183
185,BCH0184
186,BCH0185
187,BCH0186
188,BCH0187
189,BCH0188
190,BCH0189
191,BCH0190
192,BCH0191
193,BCH0192
194,BCH0193
195,BCH0194
196,BCH0195
197,BCH0196
198,BCH0197
199,BCH0198
200,BCH0199
201,BCH0200
202,BCH0201
203,BCH0202
204,BCH0203
205,BCH0204
206,BCH0205
207,BCH0206
208,BCH0207
209,BCH0208
210,BCH0209
211,BCH0210
212,BCH0211
213,BCH0212
214,BCH0213
215,BCH0214
216,BCH0215
217,BCH0216
218,BCH0217
219,BCH0218
220,BCH0219
221,BCH0220
222,BCH0221
223,BCH0222
224,BCH0223
225,BCH0224
226,BCH0225
227,BCH0226
228,BCH0227
229,BCH0228
230,BCH0229
231,BCH0230
232,BCH0231
233,BCH0232
234,BCH0233
235,BCH0234
236,BCH0235
237,BCH0236
238,BCH0237
239,BCH0238
240,BCH0239
241,BCH0240
242,BCH0241
243,BCH0242
244,BCH0243
245,BCH0244
246,BCH0245
247,BCH0246
248,BCH0247
249,BCH0248
250,BCH0249
251,BCH0250
252,BCH0251
253,BCH0252
254,BCH0253
255,BCH0254
256,BCH0255
257,BCH0256
258,BCH0257
259,BCH0258
260,BCH0259
261,BCH0260
262,BCH0261
263,BCH0262
264,BCH0263
265,BCH0264
266,BCH0265
267,BCH0266
268,BCH0267
269,BCH0268
270,BCH0269
271,BCH0270
272,BCH0271
273,BCH0272
274,BCH0273
275,BCH0274
276,BCH0275
277,BCH0276
278,BCH0277
279,BCH0278
280,BCH0279
281,BCH0280
282,BCH0281
283,BCH0282
284,BCH0283
285,BCH0284
286,BCH0285
287,BCH0286
288,BCH0287
289,BCH0288
290,BCH0289
291,BCH0290
292,BCH0291
293,BCH0292
294,BCH0293
295,BCH0294
296,BCH0295
297,BCH0296
298,BCH0297
299,BCH0298
300,BCH0299